﻿Customer_Type_ID,Customer_Type,Customer_Group_ID,Customer_Group
1010,Orion Club members inactive,10,Orion Club members
1020,Orion Club members low activity,10,Orion Club members
1030,Orion  Club members medium activity,10,Orion Club members
1040,Orion  Club members high activity,10,Orion Club members
2010,Orion Club Gold members low activity,20,Orion Club Gold members
2020,Orion Club Gold members medium activity,20,Orion Club Gold members
2030,Orion Club Gold members high activity,20,Orion Club Gold members
3010,Internet/Catalog Customers,30,Internet/Catalog Customers
